{
  "coefficients": {
    "a0": 0.34211841649335817,
    "a1": 0.0798392041585828,
    "a2": -1.2937562204718653e-05,
    "a3": 0.007313516893700611,
    "a4": -0.004784696046782197,
    "a5": -0.0015991702319062496
  },
  "training_metrics": {
    "r2": 0.4213837208911093,
    "mae": 9.584833794570844,
    "rmse": 14.084071116160779,
    "mape": 116.14524369594,
    "energy_error_pct": 1.1113343654193367e-14,
    "n_samples": 5521
  },
  "feature_order": [
    "ghi",
    "ghi_squared",
    "dni",
    "ghi_temp",
    "ghi_wind"
  ],
  "equation": "P_AC = a0 + a1*GHI + a2*GHI\u00b2 + a3*DNI + a4*(GHI\u00d7\u0394T) + a5*(GHI\u00d7wind)"
}